{
    "DenseNet": {
        "loss": [
            1.7759685516357422,
            1.3224321603775024,
            1.1213552951812744,
            0.9793393015861511,
            0.8543028235435486,
            0.7352359890937805,
            0.6411946415901184,
            0.5044167637825012,
            0.40702056884765625,
            0.33020904660224915
        ],
        "accuracy": [
            0.4731179177761078,
            0.5909379720687866,
            0.6444013714790344,
            0.6838306784629822,
            0.7225916385650635,
            0.7576102018356323,
            0.7866809368133545,
            0.8288835883140564,
            0.8629331588745117,
            0.8895646333694458
        ],
        "val_loss": [
            2.2397518157958984,
            1.6013320684432983,
            1.8115278482437134,
            1.6241371631622314,
            2.6775968074798584,
            1.3662296533584595,
            1.5783931016921997,
            1.4985917806625366,
            1.758974552154541,
            1.765995979309082
        ],
        "val_accuracy": [
            0.3895201086997986,
            0.5145034193992615,
            0.49512097239494324,
            0.5018045902252197,
            0.4622376561164856,
            0.5983157157897949,
            0.5771955847740173,
            0.5909637808799744,
            0.601657509803772,
            0.6095441579818726
        ]
    },
    "EfficientNet": {
        "loss": [
            2.1400046348571777,
            1.7618082761764526,
            1.6612269878387451,
            1.6096971035003662,
            1.562062382698059,
            1.5304338932037354,
            1.5043338537216187,
            1.4741406440734863,
            1.453463077545166,
            1.435813069343567
        ],
        "accuracy": [
            0.39425936341285706,
            0.480268657207489,
            0.5072342753410339,
            0.5193637609481812,
            0.5319945216178894,
            0.5424199104309082,
            0.5481337904930115,
            0.5570554733276367,
            0.5607645511627197,
            0.5624018311500549
        ],
        "val_loss": [
            1.8031005859375,
            1.663173794746399,
            1.6125115156173706,
            1.6381964683532715,
            1.5577821731567383,
            1.6887530088424683,
            1.655263066291809,
            1.6288245916366577,
            1.6366125345230103,
            1.6097294092178345
        ],
        "val_accuracy": [
            0.4677182137966156,
            0.5010025501251221,
            0.5182462334632874,
            0.5094238519668579,
            0.5353562235832214,
            0.5022056102752686,
            0.5179789066314697,
            0.5255981683731079,
            0.5182462334632874,
            0.5280042886734009
        ]
    },
    "ResNet": {
        "loss": [
            1.879381537437439,
            1.3724029064178467,
            1.1322970390319824,
            0.9183681011199951,
            0.6910156011581421,
            0.47753921151161194,
            0.3129642903804779,
            0.1943717896938324,
            0.16440123319625854,
            0.15001319348812103
        ],
        "accuracy": [
            0.445818156003952,
            0.5739967226982117,
            0.6449360251426697,
            0.7038794159889221,
            0.7722123861312866,
            0.8405119180679321,
            0.8955792188644409,
            0.9369465708732605,
            0.9455341100692749,
            0.9512814283370972
        ],
        "val_loss": [
            2.634963274002075,
            2.5836405754089355,
            2.8173797130584717,
            2.4626858234405518,
            2.3073890209198,
            5.730410099029541,
            2.040919065475464,
            3.1928775310516357,
            5.298608779907227,
            2.893571615219116
        ],
        "val_accuracy": [
            0.25477877259254456,
            0.34367063641548157,
            0.39286190271377563,
            0.2876620888710022,
            0.4232054650783539,
            0.104798823595047,
            0.502339243888855,
            0.46437641978263855,
            0.2001069337129593,
            0.4463306963443756
        ]
    }
}