{
    "DenseNet": {
        "loss": [
            2.6435859203338623,
            2.0243842601776123,
            1.7324738502502441,
            1.5312659740447998,
            1.361520767211914,
            1.2090290784835815,
            1.043477177619934,
            0.8838449120521545,
            0.7384373545646667,
            0.5918437242507935
        ],
        "accuracy": [
            0.34442275762557983,
            0.46005699038505554,
            0.5219237804412842,
            0.5661671757698059,
            0.6088275909423828,
            0.6470557451248169,
            0.6870251297950745,
            0.7313212156295776,
            0.7676498293876648,
            0.8129221200942993
        ],
        "val_loss": [
            3.873481273651123,
            2.433988094329834,
            2.18738055229187,
            2.2864484786987305,
            3.48801589012146,
            1.7745370864868164,
            2.5887436866760254,
            2.5875000953674316,
            2.0207862854003906,
            2.316727876663208
        ],
        "val_accuracy": [
            0.3182777464389801,
            0.3877163231372833,
            0.42043057084083557,
            0.40766146779060364,
            0.20789362490177155,
            0.5175179243087769,
            0.380751371383667,
            0.4540945589542389,
            0.49504008889198303,
            0.5112916827201843
        ]
    },
    "EfficientNet": {
        "loss": [
            2.8432610034942627,
            2.4105563163757324,
            2.2915778160095215,
            2.227191686630249,
            2.1679413318634033,
            2.1315903663635254,
            2.0991361141204834,
            2.067927598953247,
            2.0432379245758057,
            2.029791831970215
        ],
        "accuracy": [
            0.32210320234298706,
            0.39214858412742615,
            0.41090649366378784,
            0.4237811267375946,
            0.43512558937072754,
            0.44198501110076904,
            0.4497678279876709,
            0.4544375240802765,
            0.45905444025993347,
            0.46330201625823975
        ],
        "val_loss": [
            2.406053066253662,
            2.2718989849090576,
            2.279128074645996,
            2.25612473487854,
            2.1864845752716064,
            2.2307980060577393,
            2.219242572784424,
            2.1988956928253174,
            2.3158762454986572,
            2.1695096492767334
        ],
        "val_accuracy": [
            0.3926762342453003,
            0.42254117131233215,
            0.4161038398742676,
            0.42792317271232605,
            0.43224990367889404,
            0.43077248334884644,
            0.4425918161869049,
            0.43942591547966003,
            0.4296116530895233,
            0.4569438695907593
        ]
    },
    "ResNet": {
        "loss": [
            2.5098397731781006,
            1.931204915046692,
            1.6129465103149414,
            1.3276309967041016,
            1.0187703371047974,
            0.6899623274803162,
            0.40670159459114075,
            0.2447769194841385,
            0.18935663998126984,
            0.15858043730258942
        ],
        "accuracy": [
            0.3631015121936798,
            0.477627694606781,
            0.5482534766197205,
            0.6183516383171082,
            0.7007176280021667,
            0.7907872796058655,
            0.8765038251876831,
            0.9254432320594788,
            0.9423807263374329,
            0.951772928237915
        ],
        "val_loss": [
            3.0555834770202637,
            2.3135569095611572,
            2.3212928771972656,
            2.431565284729004,
            2.4813060760498047,
            3.2715859413146973,
            2.765655994415283,
            4.301257133483887,
            3.244168758392334,
            6.20946741104126
        ],
        "val_accuracy": [
            0.27363866567611694,
            0.3992190659046173,
            0.392254114151001,
            0.4256015121936798,
            0.4184255003929138,
            0.28482481837272644,
            0.4165259599685669,
            0.38571128249168396,
            0.4388982653617859,
            0.3403334617614746
        ]
    }
}